Municipio,CNES,LOGRADOURO,NOME
ARACAJU,2216,AV AZUL,US OSVALDO LEITE TERRA DURA
ARACAJU,2259,RUA MARUIM,US MARIA DO CEU SANTOS PEREIRA
ARACAJU,2305,R HAITI,US ADEL NUNES BAIRRO AMERICA
ARACAJU,2364,RUA SAO JOAO,US CANDIDA ALVES SANTO ANTONIO
ARACAJU,2380,RUA RENATO FONSECA OLIVEIRA,US HUGO GURGEL COROA DO MEIO
ARACAJU,2399,RUA MARIA DO CARMO COSTA,US MANOEL DE SOUZA PEREIRA SOL NASCENTE
ARACAJU,2410,AVENIDA HERMES FONTES,US DONA SINHAZINHA GRAGERU
ARACAJU,2429,RUA MAJOR AURELIANO,US JOSE MACHADO DE SOUZA SANTOS DUMONT
ARACAJU,2453,RUA FIRMINO FONTES,US ANTONIO ALVES ATALAIA
ARACAJU,2461,AV SAO JOAO BATISTA,US FERNANDO SAMPAIO CASTELO BRANCO
ARACAJU,2542,RUA ALAGOAS,US JOAO CARDOSO NASCIMENTO JUNIOR JOSE CONRADO DE ARAUJO
ARACAJU,2550,RUA B,US ELIZABETE PITA TERRA DURA
ARACAJU,2577,RUA PARAIBA,US EDEZIO VIEIRA DE MELO SIQUEIRA CAMPOS
ARACAJU,2607,RUA ELENITA NERY GOMES,US AUGUSTO CESAR LEITE SANTA TEREZA
ARACAJU,2615,AV TRANCREDO NEVES,US MINISTRO COSTA CAVALVANTE INACIO BARBOSA
ARACAJU,2763,RUA ALTAMIRA,US DONA JOVEM AZEVEDO INDUSTRIAL
ARACAJU,2771,SANTA TEREZINHA,US JOSE QUINTILIANO DA FONSECA SOBRAL CIDADE NOVA
ARACAJU,2798,AV EUCLIDES FIGUEIREDO,US JOSE AUGUSTO BARRETO JAPAOZINHO
ARACAJU,2844,AVENIDA RADIALISTA JOSE DA SILVA LIMA,US ONESIMO PINTO FILHO JARDIM CENTENARIO
ARACAJU,3093,RUA DOS NAUFRAGOS,US NICEU DANTAS MOSQUEIRO
ARACAJU,3123,RUA PRINCIPAL,US IRMA CARIDADE ALOQUE
ARACAJU,3344,RUA ANTONIO DOS SANTOS,US PORTO DANTAS
ARACAJU,3387,RUA CAPITAO MANOEL GOMES,US RENATO MAZZE LUCAS LAMARAO
ARACAJU,3395,AVENIDA CARLOS MARQUES,US CARLOS HARDMAN CORTES SOLEDADE
ARACAJU,3409,RUA SENHOR DO BOMFIM,US JOAO DE OLIVEIRA SOBRAL SANTOS DUMONT
ARACAJU,3425,ROD JOAO ALVES BEZERRA,US JOAO BEZERRA AREIA BRANCA
ARACAJU,3492,TV ADALTO BOTELHO,US OSWALDO DE SOUZA
ARACAJU,3506,AV LAMARAO,US CARLOS FERNANDES DE MELO LAMARAO
ARACAJU,2291,CENTRAL IV,US GERALDO MAGELA DE MENEZES SAO CONRADO
ARACAJU,2445,RUA A,US HUMBERTO MOURAO GUIMARAES SAO CONRADO
ARACAJU,2526,AV ALVARO MARCIEL,US FRANCISCO FONSECA DEZOITO DO FORTE
ARACAJU,2623,RUA B,US WALTER CARDOSO VENEZA
ARACAJU,2836,RUA PROJETADA,US LAURO DANTAS HORA BUGIO
ARACAJU,25674,RUA TENENTE WENDEL QUARANTA,US AMELIA LEITE
ARACAJU,25682,RODOVIA DOS NAUFRAGOS KM 05,US SANTA TEREZINHA ROBALO
ARACAJU,25690,RUA FILEMON FREIRE,US MAX DE CARVALHO ROCHA LUZIA
ITABAIANA,44423,POVOADO VARZEA DO GAMA,UNIDADE BASIC DE SAUDE ANTONIO TELES DE MENDONCA
ITABAIANA,89117,POVOADO TABOCA,UNIDADE BASICA DE SAUDE MARIA JACINTA DOS SANTOS
ARACAJU,3115,RUA O,US AVILA NABUCO MEDICI
FREI PAULO,102822,RUA A,UBS GERALDO DAS NEVES SANTOS
FREI PAULO,102903,RUA PRINCIPAL,UBS JOSEFA BATISTA DE JESUS
NOSSA SENHORA DAS DORES,110132,COLONIA SAPE,UNIDADE BASICA DA SAUDE INES LIMA COSTA
ITABAIANA,2546159,RUA F CONJ JOSE LUIZ CONCEICAO,UNIDADE PSF SAO CRISTOVAO
ITABAIANA,428159,AV EDUARDO PAIXAO ROCHA,UNIDADE BASICA DE SAUDE MARIA MENESES DOS SANTOS
ITAPORANGA D'AJUDA,191892,AVENIDA EMIDIO MAXI NETO,CENTRO DE ATENDIMENTO PARA ENFRENTAMENTO A COVID 19
JAPOATA,193208,RUA JUVENAL MELO,VIGILANCIA EM SAUDE
NOSSA SENHORA DO SOCORRO,199974,TRAVESSA 3 A,US VALTER DE JESUS ROCHA
SAO CRISTOVAO,204331,BR 101,COPEMCAN
CARMOPOLIS,220469,ALTO NOSSA SENHORA DE FATIMA,CENTRO DE ENFRENTAMENTO AO COVID
ESTANCIA,271276,BR 101 KM 147,CADEIA PUBLICA DE ESTANCIA
AREIA BRANCA,271349,RODOVIA BR 235 KM 36,CADEIA PUBLICA DE AREIA BRANCA
TOBIAS BARRETO,272558,RODOVIA ANTONIO CARLOS VALADARES,PRESIDIO REGIONAL JUIZ MANOEL BARBOSA DE SOUZA
BOQUIM,287504,RUA JOAO VIDAL DE CARVALHO,UBS GOV MARCELO DEDA CHAGAS
PEDRINHAS,796158,CONJUNTO BARRETAO,POSTO DE SAUDE MARIA OSMARINA DE SANTANA
PEDRA MOLE,383074,ASSENTAMENTO SAO JOSE DA QUIXABEIRA,UBS ERIDAN CONRADO DOS SANTOS CARVALHO
POCO REDONDO,397733,POVOADO CURRALINHO,USB POVOADO CURRALINHO
ITABAIANINHA,406120,RUA MARECHAL DEODORO DA FONSECA,NUCLEO DE ATENDIMENTO ESPECIALIZADO MUNICIPAL
SAO CRISTOVAO,433799,PAULO BARRETO DE MENEZES,UBS IRONIA MARIA ARAGAO PRADO MEIRELES
NOSSA SENHORA DO SOCORRO,191159,AVENIDA NOVO HORIZONTE,US SUZINETE GOMES DA SILVA DIAS
TELHA,2422964,RUA ANTONIO MOTA,CENTRO DE SAUDE DA FAMILIA DE TELHA
PEDRINHAS,2423375,POVOADO MUTUMBO,U S F DO POVOADO MUTUMBO
PEDRINHAS,2423383,POV BUENOS AIRES,CLINICA DE SAUDE DA FAMILIA ODILON JOSE ALVES
SALGADO,145815,POV ABOBORAS,UBS FRANCISCO MARTINS FONTES
MALHADA DOS BOIS,2423332,RUA DO CLUBE,CLINICA DE SAUDE DA FAMILIA MARIANA DIAS DOS SANTOS BARBOSA
MONTE ALEGRE DE SERGIPE,2420295,POVOADO LAGOA DO ROCADO,UNIDADE DE SAUDE DA FAMILIA DO POVOADO LAGOA DO ROCADO
POCO VERDE,2420384,RUA GABRIEL BENEVIDES DO ROSARIO,APS JOAO ANTONIO DE ABREU
DIVINA PASTORA,2423030,RUA A,UNIDADE BASICA DE SAUDE IRMAO WALTER
MONTE ALEGRE DE SERGIPE,3059170,POVOADO MARAVILHA MONTE ALEGRESE,UNIDADE DE SAUDE DA FAMILIA DO POVOADO MARAVILHA
ITABAIANINHA,2421283,RUA ROZENTINA F COSTA,UNIDADE BASICA DE SAUDE ANA DE FREITAS MUNIZ
FREI PAULO,2423618,RUA JOSE ROSENDO DOS SANTOS,CENTRO DE SAUDE 1
FREI PAULO,2423626,RUA,POSTO DE SAUDE MOCAMBO
CANHOBA,2658550,RODOVIA ERONILDES F DE CARVALHO,CLINICA EDGARD GOMES DE MENEZES
NEOPOLIS,2420058,POVOADO BETUME,E S F BETUME
NEOPOLIS,2420066,POVOADO FLOR DO BREJO,UNIDADE DE SAUDE DA FAMILIA DO POV FLOR DO BREJO
POCO REDONDO,2420082,ASSENTAMENTO ALTO BONITO,UNIDADE DE SAUDE DA FAMILIA ALTO BONITO
POCO REDONDO,2420090,POVOADO SITIOS NOVOS,UNIDADE SAUDE DA FAMILIA POV SITIOS NOVOS
POCO REDONDO,2420104,POVOADO BONSUCESSO,UNIDADE SAUDE DA FAMILIA POV BONSUCESSO
POCO REDONDO,2420112,SAIDA PARA BONSUCESSO,CLINICA DE SAUDE DA FAMILIA ERIONALDO CORREIA PEREIRA
POCO REDONDO,2420139,POVOADO SANTA ROSA DO ERMIRIO,UNIDADE DA FAMILIA EDVANIA GOMES DOS SANTOS
SAO MIGUEL DO ALEIXO,2420171,AVENIDA 26 DE NOVEMBRO,CLINICA DE SAUDE DA FAMILIA MARIA FRANCISCA FERREIRA
SAO MIGUEL DO ALEIXO,2420198,POVOADO LAGOA DOS TAMBURIS,CLINICA DE SAUDE DA FAMILIA MARIA ROSA DE JESUS SANTOS
NOSSA SENHORA DE LOURDES,2420201,RUA 21 DE ABRIL,CLINICA DE SAUDE DA FAMILIA MARIA GOMES DE ANDRADE
NOSSA SENHORA DE LOURDES,2420252,RUA DA QUADRA,SINDICATO DOS TRABALHADORES RURAIS DE N SRA DE LOURDES
POCO VERDE,2420333,POV SACO DO CAMISA,USF POV SACO DO CAMISA
POCO VERDE,2420341,RUA GABRIEL BENEVIDES DO ROSARIO,USF RIO REAL
POCO VERDE,2420376,POV SAO JOSE,USF POV SAO JOSE
POCO VERDE,2420414,POV AMARGOSA,USF DO POV AMARGOSA
TOMAR DO GERU,2420422,POVOADO LOPES,UNIDADE BASICA DE SAUDE PEDRO GOIS
TOMAR DO GERU,2420457,POV CAMPO GRANDE,UNIDADE BASICA DE SAUDE JOAO VELAMES DE OLIVEIRA
SANTA ROSA DE LIMA,2420465,PRACA JACKSON BARRETO,UNIDADE DE SAUDE DA FAMILIA MARIA LUCIA FONTES
LAGARTO,2420511,POVOADO BRASILIA,C S RAIMUNDA REIS
LAGARTO,2420538,AV MACHADO,C S JOSEFA BARBOSA DOS REIS ROMAO
LAGARTO,2420546,POVOADO BREJO,U B S JOSE SERAFIM DOS SANTOS
LAGARTO,2420562,POVOADO MARIQUITA,P S POVOADO MARIQUITA
LAGARTO,2420600,POVOADO LUIZ FREIRE,P S POVOADO LUIZ FREIRE
LAGARTO,2420627,POVOADO ACU VELHO,P S POVOADO ACU VELHO
LAGARTO,2420635,RUA HIPOLITO SANTOS,CENTRO HUMANIZADO DA MULHER E DA CRIANCA
LAGARTO,2420740,POVOADO ACUZINHO,U B S MARGARIDA DO ESPIRITO SANTO
LAGARTO,2420759,POVOADO CARAIBAS,U B S FRANCISCO HORA ALVES
LAGARTO,2420775,POVOADO CAMPO DO CRIOULO,JOSE ANTONIO DE MENEZES MEROBA
LAGARTO,2420791,POVOADO QUILOMBO,P S POVOADO QUILOMBO
LAGARTO,2420805,CIDADE NOVA,U B S JOSE BISPO DE SOUZA
LAGARTO,2420813,PCA ROSENDO RIBEIRO DE SOUZA,SINDICATO TRABALHADORES RURAIS
LAGARTO,2420821,POVOADO OLHOS DAGUA TRAV DO CORREIO,U B S ALCINO CORREIA DOS SANTOS
LAGARTO,2420848,POVOADO PE DA SERRA,U B S PE DA SERRA
RIACHAO DO DANTAS,2420864,POVOADO CARNAIBA,US DA FAMILIA POVOADO CARNAIBA
RIACHAO DO DANTAS,2420872,POVOADO PALMARES,US DA FAMILIA POVOADO PALMARES
RIACHAO DO DANTAS,2420902,POVOADO TANQUE NOVO,US DA FAMILIA POVOADO TANQUE NOVO
RIACHAO DO DANTAS,2420929,POVOADO VIVALDO,US DA FAMILIA POVOADO VIVALDO
CRISTINAPOLIS,2421003,RUA MARIA LUIZA,CLINICA 24H DE SAUDE DA FAMILIA MARIA DANTAS DE CARVALHO
NOSSA SENHORA DA GLORIA,2421011,AVENIDA OESTE,U S F ERIVALDO ALVES OLIVEIRA
NOSSA SENHORA DA GLORIA,2421038,POV LAGOA BONITA,U S F DE LAGOA BONITA
NOSSA SENHORA DA GLORIA,2421046,POV ANGICO,U S F DO ANGICO
NOSSA SENHORA DA GLORIA,2421054,PRACA DO MERCADO,U S F ROSA MARIA DOS SANTOS SOBRINHO
NOSSA SENHORA DA GLORIA,2421062,POVOADO ANINGAS,U S F DE ANINGAS
NOSSA SENHORA DA GLORIA,2421070,POV TANQUE DE PEDRA,U S F DE TANQUE DE PEDRA
NOSSA SENHORA DA GLORIA,2421089,BAIRRO BRASILIA,CLINICA DE SAUDE DA FAMILIA ROSA MARIA DOS SANTOS SOBRINHO
NOSSA SENHORA DA GLORIA,2421097,BAIRRO NOVA ESPERANCA,U S F DE NOVA ESPERANCA
NOSSA SENHORA DA GLORIA,2421100,RUA B,CLINICA DE SAUDE DA FAMILIA SEBASTIAO MONTEIRO DOS SANTOS
NOSSA SENHORA DA GLORIA,2421119,PRACA DO MERCADO,CLINICA DE SAUDE DA FAMILIA MARIA DA CONCEICAO PARTEIRA
NOSSA SENHORA DA GLORIA,2421127,RUA LUIZ JOSE DA SILVA,U S F ANTONIO ARAGAO
NOSSA SENHORA APARECIDA,2421135,RUA WILSOM MENEZES,CLINICA DE SAUDE DA FAMILIA MARIA CLEIDILENE LIMA SANTOS
GARARU,2421178,POVOADO SAO MATEUS,UNIDADE BASICA DE SAUDE DO POVOADO SAO MATEUS
GARARU,2421194,POVOADO OITEIRO,POSTO DE SAUDE OITEIRO
GARARU,2421208,POVOADO PALESTINA,POSTO DE SAUDE POVOADO PALESTINA
GARARU,2421216,POVOADO LAGOA FUNDA,UNIDADE BASICA DE SAUDE POVOADO LAGOA FUNDA
GARARU,2421224,POVOADO LAGOA PRIMEIRA,POSTO DE SAUDE POVOADO LAGOA PRIMEIRA
GARARU,2421232,RUA PROFESSOR BENTO ARAUJO,CLINICA DE SAUDE DA FAMILIA MARIETA ROSA DA SILVA
ITABAIANINHA,2421259,POV DISPENSA,CLINICA DE SAUDE DA FAMILIA BERLANGE RIBEIRO DE GOIS JUNIOR
ITABAIANINHA,2421267,POV ILHA,POSTO SAUDE POV ILHA I
ITABAIANINHA,2421275,POV JARDIM,UNIDADE DE SAUDE DA FAMILIA BERNARDINO NEPOMUCENO
LARANJEIRAS,2421305,POVOADO MUSSUCA,UNIDADE DE SAUDE DA FAMILIA VER JOSE AUGUSTO DOS SANTOS
LARANJEIRAS,2421313,POVOADO BOM JESUS,UNIDADE DE SAUDE DA FAMILIA BOM JESUS
LARANJEIRAS,2421321,RUA NOVA,UNIDADE DE SAUDE DA FAMILIA JOSE ROSA FELIPE
LARANJEIRAS,2421348,RUA SIQUEIRA DE MENEZES,UNIDADE DE SAUDE DA FAMILIA JOSE MUNIZ BARRETO
LARANJEIRAS,2421372,RODOVIA WALTER FRANCO,UNIDADE DE SAUDE DA FAMILIA DR JOSE ARAGAO FIGUEIREDO
UMBAUBA,2421402,RUA BENJAMIN CONSTANT,CLINICA DE S DA FAMILIA DR ERNESTO CHE GUEVARA LYNCH
NOSSA SENHORA DO SOCORRO,2421585,PRACA CANABRAVA,US PREFEITO LUIZ PEREIRA DA SILVA
NOSSA SENHORA DO SOCORRO,2421593,AVENIDA A 3,US VEREADOR GERVASIO REIS DE OLIVEIRA
NOSSA SENHORA DO SOCORRO,2421607,RUA JARDIM,US JOSE DO PRADO FRANCO NETO
NOSSA SENHORA DO SOCORRO,2421615,AV AUXILIAR 2,CLINICA DE SAUDE DA FAMILIA GABRIEL ALVES DA PAIXAO
NOSSA SENHORA DO SOCORRO,2421623,RUA DR MANOEL DOS PASSOS,USEX COMBATENTE 2 TEN WALTER JOSE DE OLIVEIRA SR MANINHO
NOSSA SENHORA DO SOCORRO,2421658,RUA I,US JOSE DO PRADO BARRETO
NOSSA SENHORA DO SOCORRO,2421666,AV L,US TANCREDO NEVES
NOSSA SENHORA DO SOCORRO,2421674,RUA J 1,US DR EDUARDO VITAL DE MELO
NOSSA SENHORA DO SOCORRO,2421682,RUA ALEXANDRE VASCONCELOS,US DR LAURO MAIA
NOSSA SENHORA DO SOCORRO,2421690,AVENIDA 5,US MUGIVAL MESSIAS DOS SANTOS
NOSSA SENHORA DO SOCORRO,2421704,RUA ANTONIO ALVES PINTO,US SANTA CECILIA
NOSSA SENHORA DO SOCORRO,2421712,ZONA RURAL,US WALDEMAR PINTO PEREIRA
NOSSA SENHORA DO SOCORRO,2421720,RUA ESMERALDO DA SILVA SANTOS,US ALCIDES ALVES DOS SANTOS
NOSSA SENHORA DO SOCORRO,2421747,RUA PRINCIPAL,US MUCIANO CABRAL
NOSSA SENHORA DO SOCORRO,2421755,AVENIDA MARIA MINITA,US JOSE ALVES DOS SANTOS
MARUIM,2421763,POVOADO OITEIROS,UNID BASICA DE SAUDE JOEL ALMEIDA TELES
SALGADO,2421801,POVOADO MOENDAS,U S F DO POV MOENDAS
SALGADO,2421860,POVOADO ABOBORA,U S F POV ABOBORA
SALGADO,2421895,POVOADO SAO BENTO,U S F DO POV SAO BENTO
SALGADO,2421909,PRACA DURVAL MILITAO,CASA DE PARTO MARIA DO CARMO N ALVES
TOBIAS BARRETO,2421984,POVOADO CAMPESTRE DO ABREU,11 UNIDADE BASICA DE SAUDE JOSE ALBINO DOS SANTOS
TOBIAS BARRETO,2421992,POVOADO MONTE COELHOS,10 UNIDADE BASICA DE SAUDE JOSELITA OLINDA DOS SANTOS
TOBIAS BARRETO,2422018,POVOADO SAQUINHO,13 UNIDADE BASICA DE SAUDE JOSEFA CATARINA DA SOLIDADE
TOBIAS BARRETO,2422026,POVOADO JABEBERI,12 UNIDADE BASICA DE SAUDE RAIMUNDO SERAFIM DE MENEZES
TOBIAS BARRETO,2422034,RODOVIA GOV ANTONIO CARLOS VALADARES,UNIDADE DE SAUDE DA FAMILIA CONJUNTO IRMA DULCE
TOBIAS BARRETO,2422042,POVOADO SAMAMBAIA,14 UNIDADE BASICA DE SAUDE LAURA MARIA DE JESUS
TOBIAS BARRETO,2422069,RUA ITABAIANINHA,UNIDADE DE SAUDE DA FAMILIA JOAO DE SOUZA ANDRADE
SIRIRI,2422174,RUA DA PAZ,CLINICA DE SAUDE DA FAMILIA SAGRADA FAMILIA
MALHADOR,2422220,AVENIDA SENADOR WALTER FRANCO,UNIDADE DE SAUDE DA FAMILIA PADRE ANTONIO RESENDE DE SOUZA
MALHADOR,2422239,POVOADO PALMEIRAS,UNIDADE DE SAUDE DA FAMILIA POVOADO PALMEIRAS
MALHADOR,2422247,POVOADO ALECRIM,UNIDADE DE SAUDE DA FAMILIA FLORO ALVES DE ARAUJO
SIMAO DIAS,2422271,PRC JOSE BARRETO,CS DR MANOEL AGUIAR
SIMAO DIAS,2422328,POVOADO CURRAL DOS BOIS,UNIDADE DE SAUDE DA FAMILIA DO POVOADO CURRAL DOS BOIS
SIMAO DIAS,2422336,POVOADO SALOBRA,UNIDADE DE SAUDE DA FAMILIA DO POVOADO SALOUBRA
SIMAO DIAS,2422409,POVOADO PAU DE LEITE,USF PEDRO NUNES SILVA POVOADO PAU DE LEITE
SIMAO DIAS,2422433,POVOADO BRINQUINHO,UNIDADE DE SAUDE DA FAMILIA DO POVOADO BRINQUINHO
SIMAO DIAS,2422468,POVOADO TRIUNFO,UNIDADE DE SAUDE DA FAMILIA RAIMUNDO JOSE DE ARAUJO
PROPRIA,2422514,PCA RODRIGUES DORIA,UNIDADE DE SAUDE DA FAMILIA DR CIRO TAVARES
PROPRIA,2422522,RUA DOM JUVENCIO DE BRITTO,UNIDADE DE SAUDE DA FAMILIA DRA VERA FEITOSA
PROPRIA,2422530,POVOADO SAO MIGUEL,UNIDADE DE SAUDE DA FAMILIA DR ELMIR BORGES
PROPRIA,2422549,POVOADO SAO VICENTE,UNIDADE DE SAUDE DA FAMILIA JOSE SOARES DO CARMO
PROPRIA,2422565,AV MINISTRO JOAO ALVES FILHO,UNIDADE DE SAUDE DA FAMILIA DRA MARCIA DANTAS
CUMBE,2422603,RUA ANIZIO CARDOSO,UNIDADE BASICA DE SAUDE M DE GOIS MORAES
CUMBE,2422638,POVOADO FORTE,UNIDADE BASICA DE SAUDE MARIA GENOLE DE MOURA
AQUIDABA,2422646,POVOADO CRUZ GRANDE,USF CRUZ GRANDE
AQUIDABA,2422654,RODOVIA GOVERNADOR VALADARES,USF MARIA HILDA FERREIRA
AQUIDABA,2422662,POVOADO SACO DE AREIA,USF SACO DE AREIA
AQUIDABA,2422670,RUA DA CERAMICA,USF MARTA BARRETO
AQUIDABA,2422689,AVENIDA GETULIO VARGAS,USF GETULIO VARGAS
AQUIDABA,2422697,RUA GENERAL ADEMAR MESSIAS ARAGAO,CENTRO DE SAUDE DE AQUIDABA
AQUIDABA,2422778,POVOADO MOITA REDONDA,USF MARIA IVANETE FERREIRA DONA VANDA
ITAPORANGA D'AJUDA,2422794,POVOADO TAPERA,USF TAPERA
ITAPORANGA D'AJUDA,2422824,POVOADO NOVA DESCOBERTA,USF DO POVOADO NOVA DESCOBERTA
ITAPORANGA D'AJUDA,2422832,POVOADO SAPE,USF SAPE
ITAPORANGA D'AJUDA,2422840,POVOADO GRAVATA,USF GRAVATA
ITAPORANGA D'AJUDA,2422859,POVOADO CAUEIRA,USF CAUEIRA
ESTANCIA,2422905,TV CAMILO CALAZANS,CENTRO DE REFERENCIA MIN LEONOR B FRANCO
DIVINA PASTORA,2423006,AV ADELIA FRANCO,CLINICA DE SAUDE DA FAMILIA DR MARCELO VILLAS BOAS
DIVINA PASTORA,2423014,RUA PRINCIPAL,UNIDADE BASICA DE SAUDE DR RAUL ROLLEMBERG
INDIAROBA,2423111,POVOADO COLONIA RETIRO,UNIDADE DE SAUDE DA FAMILIA COLONIA RETIRO
ARAUA,2423170,PRACA PROFESSORA ADIVA,CLINICA DE SAUDE DA FAMILIA LUZIA NASCIMENTO SILVA
ROSARIO DO CATETE,2423189,RUA ANTONIO DIAS PINA,CLINICA DE SAUDE DA FAMILIA GOV EDELZIO VIEIRA DE MELO
SAO CRISTOVAO,2423200,AV MARGINAL SN,U B S MARIA JOSE S FIGUEIROA
SAO CRISTOVAO,2423219,RUA HORACIO DE SOUZA LIMA,U S F MASOUD JALALI
SAO CRISTOVAO,2423227,AVENIDA FELIX PEREIRA,U B S JAIRO TEIXEIRA DE JESUS
SAO CRISTOVAO,2423243,RUA PRINCIPAL,U S MARIA DE LOURDES CRUZ RITA CACETE
SAO CRISTOVAO,2423251,POVOADO CABRITA,USF MARIA LUIZA DOS SANTOS NASCIMENTO
SAO CRISTOVAO,2423278,POVOADO PEDREIRAS,U S F ALICE FREIRE PEDREIRAS
SAO CRISTOVAO,2423286,POVOADO CARDOSO,U S F MANOEL JUVINO SANTOS CARDOSO
SAO CRISTOVAO,2423294,PRACA PRINCIPAL,U S F JOSE A DE LIMA C MIRANDA
MALHADA DOS BOIS,2423324,RUA GOVERNADOR VALADARES,UBS MARIA LEONIDIA DOS SANTOS
SAO FRANCISCO,2423359,RUA MARIA JOCELINA VIEIRA DE ARAUJO,CENTRO DE SAUDE DA FAMILIA DE SAO FRANCISCO
SANTO AMARO DAS BROTAS,2423456,RUA IRMA ELVIRA DELVECCHIO,USF DE SANTO AMARO
FREI PAULO,2423634,RUA DA TELERGIPE,POSTO DE SAUDE DE ALAGADICO
GENERAL MAYNARD,2420325,PRACA DA MATRIZ,UNIDADE BASICA DE SAUDE JOSEFINA CARDOSO DA SILVA
CAPELA,2476940,POVOADO PIRUNGA,UNIDADE DE SAUDE DA FAMILIA LUCAS LOPES MOTA
CAPELA,2476959,AV QUINTINO BOCAIUVA,CLINICA DE SAUDE DA FAMILIA DR GERALDO LUIZ SOUZA MOTA
PIRAMBU,2477149,RUA GONCALO ROLLBERG,EQUIPE BASICA DE SAUDE SAGRADO CORACAO DE JESUS
FEIRA NOVA,2477173,RODOVIA ENGENHEIRO JORGE NETO,CLINICA DE S F MARIA ROSA DOS SANTOS
ILHA DAS FLORES,2477181,PRACA SAO ROQUE,CSF LUIZ FERREIRA LISBOA
MURIBECA,2477262,RUA LUIZ MOTA,CLINICA SAUDE DA FAMILIA MARILZA FRANCO
MURIBECA,2477270,RUA MANOEL ROSENDO,UNIDADE BASICA DE SAUDE SACO DAS VARAS
MURIBECA,2477297,RUA MARIA OLIVEIRA VIEIRA,UNIDADE BASICA DE SAUDE VISGUEIRO
MACAMBIRA,2477300,RUA ROQUE BISPO DE MENEZES,CLINICA DE SAUDE RAIMUNDA RIBEIRO DOS SANTOS DONA CACULA
MACAMBIRA,2477335,POVOADO LAGOA SECA,UNIDADE DE SAUDE DA FAMILIA JOAO CALAZANS DE ALMEIDA
PEDRA MOLE,2477548,POVOADO GRAVATA,UBS MARIA JOSE SOARES FIGUEIROA
PEDRA MOLE,2477556,POVOADO TAPADO,UBS JOSE MACHADO DE SOUZA
PEDRA MOLE,2477564,POVOADO MANUINO,UBS JOVITA MARIA DE ALMEIDA
PEDRA MOLE,2477572,PRACA DOS ESTUDANTES,CLINICA JOSE FONSECA DA CONCEICAO
BARRA DOS COQUEIROS,2477580,RUA A,CLINICA DE SAUDE DA FAMILIA SANTA LUZIA
BARRA DOS COQUEIROS,2477602,RUA SENADOR POMPEU,UNIDADE DE SAUDE DA FAMILIA PREFEITO AURELIANO RODRIGUES
BARRA DOS COQUEIROS,2477610,RUA O,UNIDADE DE SAUDE DA FAMILIA GILSON SANTOS
JAPOATA,2477637,RUA DR JOAO AUGUSTO FALCAO,CLINICA DE SAUDE DA FAMILIA DOURIVAL DIAS GUIMARAES
JAPOATA,2477645,POVOADO POXIM,UNIDADE DE SAUDE DA FAMILIA OZEIAS ALVES DOS SANTOS
JAPOATA,2477653,POV ESPINHEIRO RUA JOSE V BRANDAO,UNIDADE DE SAUDE DA FAMILIA DE ESPINHEIRO
ITABAIANA,2477688,RUA JOSUE PASSOS,CLINICA DE SAUDE DA FAMILIA VEREADOR VIVALDO MENEZES
ITABAIANA,2477726,POVOADO CAJAIBA,UNIDADE PSF CAJAIBA
ITABAIANA,2477734,RUA FRANCISCO BRAGANCA,UNIDADE PSF DR LUCIANO SIQUEIRA
ITABAIANA,2477742,POVOADO LAGOA DO FORNO,UNIDADE PSF JOSE CARLOS JESUS SILVEIRA LAGOA DO FORNO
ITABAIANA,2477750,RUA ARGENTINA,UNIDADE PSF MUTIRAO
ITABAIANA,2477769,POVOADO RIO DAS PEDRAS,UNIDADE PSF RIO DAS PEDRAS
ITABAIANA,2477777,RUA PRINCIPAL,CLINICA DE SAUDE DA FAMILIA MANOEL PEREIRA DE ANDRADE
ESTANCIA,2477807,RUA MARIA HELENA SILVA FRANCA FROES,USF DR IVALDO DE LIMA GAIAO
ESTANCIA,2477823,COLONIA ENTRE RIOS,USF WALDEMAR RODRIGUES DE ALMEIDA
ESTANCIA,2477858,AV RAIMUNDO SILVEIRA SOUZA,USF IRMA MADALENA
ESTANCIA,2477866,AV CAMILO CALAZANS CJ PAULO AMARAL,USF ENFERMEIRO LUIZ CARLOS PAIXAO DO NASCIMENTO
ESTANCIA,2477882,POVOADO ABAIS,POSTO DE SAUDE MARIA EUNICE DOS SANTOS
ESTANCIA,2477890,AVENIDA MANOEL BONFIM,USF DR JOSE AUGUSTO NASCIMENTO
ESTANCIA,2477904,JOAO BARRETO DO NASCIMENTO,USF RAIMUNDA MESQUITA
ESTANCIA,2477912,RUA SANTA LUZIA,USF JULIO DOS SANTOS
NEOPOLIS,2477920,RUA DO JASMIN,E S F PINDOBA
NEOPOLIS,2477939,MUSSUIPE,E S F MUSSUIPE
NOSSA SENHORA DO SOCORRO,2497158,AV A 28,US HEITOR DIAS SOARES
NOSSA SENHORA DO SOCORRO,2502801,RUA A,MORADIA REAPRENDENDO A VIVER
ITABAIANA,2502860,RUA PERCILIO ANDRADE,CTA DE ITABAIANA SE
ILHA DAS FLORES,2502895,POVOADO SERRAO,USF POV SERRAO
BARRA DOS COQUEIROS,2502917,POVOADO JATOBA,UNIDADE DE SAUDE DA FAMILIA SR GILENO DE JESUS
CARIRA,2502925,POVOADO DESCOBERTO,USF POV DESCOBERTO
LAGARTO,2503794,POVOADO PURURUCA,U B S PEDRO FELIX DOS SANTOS
LAGARTO,2503808,BAIRRO EXPOSICAO,CLINICA DE SAUDE DA FAMILIA JOSE ANTONIO MAROTO
RIACHUELO,2545799,RUA SANTA MARIA,CENTRO DE SAUDE DR PAULO GARCEZ
RIACHUELO,2545802,AV OSSIRES DE ABREU SILVEIRA,UNIDADE DE SAUDE DA FAMILIA DR CLEOVANSOSTENES P DE AGUIAR
RIACHUELO,2545810,POVOADO CENTRAL,UNIDADE DE SAUDE DA FAMILIA DO POVOADO CENTRAL
SALGADO,2545888,POVOADO,U S F DO POV AGUA FRIA
PACATUBA,2546035,POV PONTA DE AREIA,UNIDADE BASICA DE SAUDE MARIA JOSE DE FRANCA
PACATUBA,2546051,RUA A CONJUNTO ALBANO FRANCO,CSF MARIA DO CEU INACIO DA SILVA
SIMAO DIAS,2546108,POVOADO SITIO ALTO COMUNIDADE QUILOMBOLA,UNIDADE DE SAUDE DA FAMILIA ASSENTADOS E QUILOMBOLAS
ITABAIANA,2546140,POVOADO MATAPOA,UNIDADE BASICA DE SAUDE DEP DJALMA LOBO
ITABAIANA,2546167,POVOADO QUEIMADAS,UNIDADE PSF QUEIMADAS
CARIRA,2546256,POVOADO BAIXA GRANDE,USF BAIXA GRANDE
CARIRA,2546264,PRACA JOSE DURVAL DE MATOS,USF ALDA NUNES CHAGAS
PINHAO,2546280,POV RAJAS,UNIDADE BASICA DONA CACULA
MARUIM,2546302,POV PAU FERRO,UNID BASICA DE SAUDE N SRA DA CONCEICAO
MARUIM,2546310,RUA LACHEZ DE BAIXO,UNID BASICA DE SAUDE JOAO VIEIRA DOS SANTOS
MARUIM,2546329,RUA ALVARO GARCEZ,UNID BASICA DE SAUDE GENIVAL PEREIRA DOS SANTOS
MARUIM,2546337,RUA MAJOR MIGUEL,UNID BASICA DE SAUDE SAO JOSE
NOSSA SENHORA DO SOCORRO,2421739,RUA 55,US GILTON REZENDE
ARACAJU,2600366,RUA H 5,US AUGUSTO FRANCO
ITABAIANA,2611872,POVOADO PE DO VEADO,UNIDADE PSF PE DO VEADO
ITABAIANA,2611899,RUA SAO JOSE,UNIDADE PSF VLADEMIR SOUZA DE CARVALHO
ITABAIANA,2611929,POVOADO SERRA,UNIDADE PSF SERRA PROF DEUZINHA TAVARES DOS SANTOS
GRACHO CARDOSO,2612216,RUA DA MATERNIDADE,FUNDACAO NACIONAL DE SAUDE
GRACHO CARDOSO,2612224,RUA DA GLORIA,CLINICA DE SAUDE DA FAMILIA NOSSA SENHORA DA PIEDADE
NOSSA SENHORA DAS DORES,2612259,POVOADO BORDA DA MATA,UNIDADE DE SAUDE DA FAMILIA DR JAI CARVALHO
ILHA DAS FLORES,2612291,POVOADO BOLIVAR,USF POV BOLIVA
MURIBECA,2612305,POVOADO CAMARA,UNIDADE BASICA DE SAUDE CAMARA
SAO CRISTOVAO,2612356,AV HORACIO SOUZA LIMA,U S F DR JOSE RAIMUNDO ARAGAO
NOSSA SENHORA DAS DORES,2658399,POVOADO GADO BRAVO SUL,POSTO DE SAUDE MARIA DALVA RODRIGUES SOBRAL
BREJO GRANDE,2658410,PRACA MARECHAL DEODORO,CLINICA DE SAUDE DA FAMILIA MARECHAL DEODORO DA FONSECA
BREJO GRANDE,2658429,POVOADO BREJAO,UNIDADE DE SAUDE DA FAMILIA JADER PEREIRA DE FARIAS
CAMPO DO BRITO,4020685,POVOADO TERRA VERMELHA,POSTO DE SAUDE EPIFANEO JOSE DE ANDRADE
CEDRO DE SAO JOAO,2658593,PRACA JONAS TRINDADE,CLINICA DE SAUDE DA FAMILIA JURACI RAMOS ROCHA
CEDRO DE SAO JOAO,2658607,AVENIDA DOUTOR VALDIR FREITAS DANTAS,UNIDADE DE SAUDE DA FAMILIA MARIA MESSIAS DE ANDRADE
NEOPOLIS,2658615,RUA LUIZ GONZAGA MACHADO BARRETO,E S F PERIFERIA
PROPRIA,2658623,RUA SERAPIAO DE AGUIAR,CENTRO GINECOLOGICO DRA LEONOR BARRETO FRANCO
NOSSA SENHORA DAS DORES,2658658,POVOADO SUCUPIRA,UNIDADE BASICA DE SAUDE JOSE ROLEMBERG LEITE
CAMPO DO BRITO,4020707,POVOADO GARANGAU,POSTO DE SAUDE ROQUE JOSE DE SOUZA
CAMPO DO BRITO,4020715,POVOADO GAMELEIRA,UNIDADE BASICA DE SAUDE ANTONIO VITOR
CANHOBA,2680076,AV GOV ERONILDES F DE CARVALHO,PS APARECIDA GUIMARAES
CEDRO DE SAO JOAO,2680084,POVOADO POCO DOS BOIS,UNIDADE DE SAUDE DA FAMILIA POCO DOS BOIS
NEOPOLIS,2680092,RUA DO BONFIM,E S F CENTRO I
LAGARTO,2680122,CONJ ALBANO FRANCO RUA JOSE MARIA DE ALMEIDA,CLINICA DE SAUDE DA FAMILIA DR DAVI MARCOS DE LIMA
LAGARTO,2680130,POVOADO PINDOBA,P S PROFESSOR ALMEIDA
CAMPO DO BRITO,4020731,RUA RODRIGUES DOREA,CLINICA DE SAUDE DA FAMILIA NOSSA SENHORA DA BOA HORA
CARMOPOLIS,2745232,RUA GETULIO VARGAS,COORDENADORIA DE VIGILANCIA SANITARIA
MARUIM,2745275,RUA ALCEBIADES VIEIRA DANTAS,UNID BASICA DE SAUDE SANTO ANTONIO
JAPOATA,2745291,POV PROJETO LADEIRINHAS A,UNIDADE DE SAUDE DA FAMILIA JOSE RODRIGUES DOS SANTOS
TOMAR DO GERU,2420449,RUA NOVA ESPERENCA,CLINICA SAUDE DA FAMILIA MARCELO SOARES DA FONSECA
ITAPORANGA D'AJUDA,2815877,POVOADO SALVADOR,USF DO POVOADO SALVADOR
ITABAIANINHA,3000346,POVOADO PATU,UBS ELVIRA FRANCISCA DE JESUS POVOADO PATU
ITABAIANINHA,3010732,RUA JOSE MARIA COSTA,CENTRO DE SAUDE JOSE NAILSON MOURA
ITABAIANINHA,3010740,POVOADO POXICA,CLINICA DE SAUDE DA FAMILIA HORMINIO DE FREITAS LIMA
NOSSA SENHORA APARECIDA,3012247,POVOADO ITACOATIARA,POSTO DE SAUDE DO POV ITACOATIARA
NOSSA SENHORA APARECIDA,3012255,POVOADO CRUZ DAS GRACAS,UNIDADE DE SAUDE DA FAMILIA
NOSSA SENHORA DO SOCORRO,3018938,AV PRINCIPAL,US OTAVIANA MATOS
NOSSA SENHORA DO SOCORRO,3018954,RUA A,US ANTONIO CARLOS LEITE FRANCO
LAGARTO,3036537,BAIRRO JARDIM CAMPO NOVO,U B S BAIRRO JARDIM CAMPO NOVO
JAPOATA,3047628,POVOADO LADEIRAS,UNIDADE DE SAUDE DA FAMILIA MANOEL CALDAS DE SIQUEIRA
LAGARTO,3048039,ALTO DA BOA VISTA,U B S ALTO DA BOA VISTA
LARANJEIRAS,3048160,RUA G,UNIDADE DE SAUDE DA FAMILIA VER NICANOR SOUZA
NOSSA SENHORA DO SOCORRO,3060101,AV PERIMETRAL,CLINICA DE SAUDE DA FAMILIA AUGUSTO CESAR LEITE FRANCO
BARRA DOS COQUEIROS,3074684,RUA GILBERTO GIL,VER ANA DOS ANJOS SANTOS
ITAPORANGA D'AJUDA,2422816,AVENIDA EMIDIO MAXI NETO,CLINICA DE SAUDE DA FAMILIA UMBERTO MANDARINO
ARACAJU,3210634,AV AYRTON SENNA,US ANALIA PINA DE ASSIS ALM TAMANDARE
ITABAIANA,3277232,AV PADRE AILTON G LIMA,RESIDENCIA TERAPEUTICA MORADA DA SERRA
ITABAIANA,3281329,RUA PERCILIO ANDRADE,UNIDADE PSF DR LAURO MAIA
ITABAIANINHA,3292835,CONJUNTO LEONOR BARRETO FRANCO RUA A,UNIDADE DE SAUDE DA FAMILIA CARLOS ROBERTO CARVALHO SILVA
NOSSA SENHORA DO SOCORRO,3307697,LOT N SRA DE FATIMA,US PARQUE NOSSA SENHORA DE FATIMA
ITABAIANINHA,3323161,TRAVESSA FRANCISCO SEVERO,CLINICA DE SAUDE DA FAMILIA MARIA FRANCISCA DE SANTANA
LARANJEIRAS,3335690,ALAMEDA IEDA ROSA,UNIDADE DE SAUDE DA FAMILIA ANTONIO MENEZES LEITE
ARACAJU,3469182,AV GUANABARA,US JOALDO BARBOSA
NOSSA SENHORA DO SOCORRO,3496171,AVENIDA L,US JOSAFA MOTA DE SOUZA
POCO VERDE,3510018,RUA GABRIEL BENEVIDES DO ROSARIO,USF FAZENDINHA
NOSSA SENHORA DA GLORIA,3515893,RODOVIA ENGENHEIRO JORGE NETO,RESIDENCIAL TERAPEUTICO MADRE ALBERTINA BRASIL
SAO CRISTOVAO,3519740,RUA SAO LOURENCO,U S F ANTONIO FLORENCIO DE MATOS
PACATUBA,3519805,PONTA DOS MANGUES,UNIDADE BASICA DE SAUDE DE PONTA DOS MANGUES
BOQUIM,2545985,POVOADO FLORESTA,USF UNIDADE DE SAUDE DA FAMILIA RIVALDO BATISTA SANTOS
TOBIAS BARRETO,3555585,RUA JOSE ROSA DE OLIVEIRA,UNIDADE DE SAUDE DA FAMILIA CONJ MARIA DO CARMO
SAO FRANCISCO,3605671,POVOADO PICARREIRA,CENTRO DE SAUDE DA FAMILIA DO POVOADO PICARREIRA
PROPRIA,3619958,CONJ MARIA DO CARMO,UNIDADE DE SAUDE DA FAMILIA JOSE RENATO VIEIRA BRANDAO
RIACHUELO,3732010,POVOADO BELA VISTA,UNIDADE DE SAUDE DA FAMILIA DO POVOADO BELA VISTA
NOSSA SENHORA DO SOCORRO,3830667,RUA A,MORADIA REAPRENDENDO A VIVER 02
NOSSA SENHORA DO SOCORRO,3830705,RUA A,MORADIA REAPRENDENDO A VIVER 03
NOSSA SENHORA DO SOCORRO,3830772,RUA A,MORADIA REAPRENDENDO A VIVER 04
NOSSA SENHORA DO SOCORRO,3830799,RUA A,MORADIA REAPRENDENDO A VIVER 01
NOSSA SENHORA DO SOCORRO,3830829,ANTONIO VALADAO,NOVO LAR
NOSSA SENHORA DO SOCORRO,3830861,62 65,VIDA NOVA
NOSSA SENHORA DO SOCORRO,3830926,RUA A 13,VIVER FELIZ
SALGADO,3337421,POVOADO QUEBRADAS IV,U S F DO POV QUEBRADAS IV
NEOPOLIS,3845869,JOSE LEANDRO SOARES,E S F CENTRO II
ITABAIANA,3950409,PRACA JOAO PESSOA,CENTRO SOCIAL DE ASSISTENCIA SERRANA
NOSSA SENHORA DO SOCORRO,7527551,AVENIDA COLETORA A,CLINICA DE SAUDE DA FAMILIA MARIA HELENA BARBOSA DE MELO
TOMAR DO GERU,3997049,POVOADO TABULEIRO,UNIDADE BASICA DE SAUDE CHICO CONRADO
CUMBE,4020766,RUA PRESBITERO JOSE DOS SANTOS,CLINICA DE SAUDE DA FAMILIA RISOLETA FIGUEIREDO
ARACAJU,2631,LARGO DA APARECIDA,US MADRE TEREZA DE CALCUTA JABOTIANA
ARACAJU,3603,RUA BEIRA RIO,US EUNICE BARBOSA DE OLIVEIRA
ITAPORANGA D'AJUDA,5070074,POVOADO RIO FUNDO CACHOEIRA,USF RAIMUNDO ARAUJO SILVA
CAPELA,2476924,RUA ESTRADA DE FERRO,CLINICA DE SAUDE DA FAMILIA JOSEFA PAIXAO
MOITA BONITA,2477203,RUA FIEL TELES BARRETO,UNIDADE DE SAUDE DA FAMILIA ANTONIO TELES BARRETO
MOITA BONITA,2477211,POVOADO CAPUNGA,UNIDADE DE SAUDE DA FAMILIA IDALICE LIMA SANTOS
MOITA BONITA,2477254,AV JOAO EVANGELISTA DA COSTA,UNIDADE DE SAUDE DA FAMILIA SERAPIAO ANTONIO DE GOIS
NEOPOLIS,5147948,FLOR DO BREJO,E S F FLOR DO BREJO
FEIRA NOVA,5149843,POVOADO MALHADA DO PAU FERRO,UNIDADE DE SAUDE DA FAMILIA DO POV MALHADA DO PAU FERRO
SANTA ROSA DE LIMA,5151902,JOSEBARRETO,UNIDADE DE SAUDE DA FAMILIA JOSE JOAQUIM FILHO
BOQUIM,2545942,POVOADO MANGUE GRANDE,USF UNIDADE DE SAUDE DA FAMILIA DO POVOADO MANGUE GRANDE
BOQUIM,2545950,POVOADO TABOCA,USF UNIDADE DE SAUDE DA FAMILIA DO POVOADO TABOCA
PEDRINHAS,5184363,RUA ARGEMIRO FERREIRA DIAS,ALA JOVEM
NOSSA SENHORA DO SOCORRO,5185211,RUA 5,BALUARTE
NOSSA SENHORA DA GLORIA,5242150,RUA TOBIAS BARRETO,ASSOCIACAO DE PROTECAO AOS CARENTES DRA MARIA DO C DO N
BARRA DOS COQUEIROS,5345014,RUA A,USF PETHERSON MOURA TELES
BARRA DOS COQUEIROS,5345049,RUA SANTO ANDRE,USF LUIS FRANCISCO ARAUJO
ITABAIANA,2611880,AV OTONIEL DOREA,CENTRO DE SAUDE DR JOSE SOUTO DINIZ
ARACAJU,2658488,TRAVESSA 5,US CELSO DANIEL SANTA MARIA
ITAPORANGA D'AJUDA,5393078,POVOADO MATA DO IPANEMA,USF IPANEMA DR ALBERTO DE OLIVEIRA FREIRE
CARMOPOLIS,2745208,POVOADO AGUADA,UNIDADE DE SAUDE DA FAMILIA GENTIL ACIOLE GOMES
CARMOPOLIS,2745216,RUA ARIOSVALDO SOUZA,UNIDADE DE SAUDE DA FAMILIA ERONILDES FONTES BARRETO
BOQUIM,7233817,POVOADO CABECA DANTAS,POSTO DE SAUDE LUZINALDO DE ARAUJO
SAO CRISTOVAO,5459648,RUA ALAN SILVA,U S F MARIANO DO NASCIMENTO
NOSSA SENHORA DAS DORES,2476878,RUA MARECHAL CANDIDO RONDOM,CENTRO DE SAUDE DR MILTON CALUMBY TOURINHO
INDIAROBA,2423081,POVOADO COLONIA SERGIPE,UNIDADE DE SAUDE DA FAMILIA POVOADO COLONIA SERGIPE
CANINDE DE SAO FRANCISCO,5500249,PRACA JORGE VALENCA,UNIDADE DE SAUDE DA FAMILIA ELVIRA EUNICE FERREIRA
SAO CRISTOVAO,5608198,POVOADO FEIJAO,U S MARIA DE LOURDES ALVES POV FEIJAO
INDIAROBA,2423138,POVOADO TERRA CAIDA,UNIDADE DE SAUDE DA FAMILIA GIVALDA LESSA DA COSTA
CARIRA,2546213,POVOADO MASSARANDUBA,USF POV MASSARANDUBA
NOSSA SENHORA DO SOCORRO,5844649,RUA 15,ESPERANCA
NOSSA SENHORA DA GLORIA,5877598,RODOVIA ENG JORGE NETE,U S F DE NOVO HORIZONTE
NOSSA SENHORA DAS DORES,6024335,PISTA DE CAPELA,CENTRO DE SAUDE DR LAURO DE BRITTO PORTO
ITAPORANGA D'AJUDA,6119492,POVOADO DURO,USF DO POVOADO DURO
SAO DOMINGOS,4021037,POVOADO MANGABEIRA,UNIDADE DE SAUDE DA FAMILIA DO POVOADO MANGABEIRA
PACATUBA,6181295,POVOADO FAZENDA NOVA,UNIDADE BASICA DE SAUDE DE FAZENDA NOVA
LARANJEIRAS,6205240,BAIRRO TRAMANDAI,CLINICA DE SAUDE DA FAMILIA DR FRANCISCO ALBERTO BRAGANCA
NOSSA SENHORA DO SOCORRO,6231934,RUA FRANCISCO SOUZA AGUIAR,CASA ACONCHEGO
NOSSA SENHORA DO SOCORRO,6231942,RUA FRANCISCO SOUZA AGUIAR,CASA HARMONIA
NOSSA SENHORA DO SOCORRO,6231950,RUA FRANCISCO SOUZA AGUIAR,CASA FELICIDADE
NOSSA SENHORA DO SOCORRO,6257720,PRACA GETULIO VARGAS,STRNSS
SAO CRISTOVAO,6361374,POVOADO PARQUE SANTA RITA,U S F PARQUE SANTA RITA
SAO CRISTOVAO,6361420,RUA B,U S F LUIZ ALVES
BOQUIM,6407641,AV MANOEL DOS SANTOS,CLINICA DE SAUDE DA FAMILIA DR GILBERTO CARVALHO FILHO
SAO CRISTOVAO,6446337,POVOADO CAIPE VELHO,U S LAUDELINA LIMA DE ANDRADE CAIPE VELHO
NOSSA SENHORA DAS DORES,7613520,POVOADO CRUZES,POSTO DE SAUDE MARIA ADELI SANTOS
BOQUIM,7725205,POVOADO ROMAO,POSTO DE SAUDE DO POVOADO ROMAO
ARACAJU,6597548,RUA ARGENTINA,UNIDADE DE CUSTODIA PSIQUIATRICA
ARACAJU,6599559,RUA 37,COMPAJAF
BOQUIM,6627455,BAIRRO MIGUEL DOS ANJOS,UNIDADE DE SAUDE DA FAMILIA DO BAIRRO MIGUEL DOS ANJOS
CARMOPOLIS,7859082,ALTO NOSSA SENHORA DE FATIMA,CLINICA DE SAUDE DA FAMILIA SAGRADO CORACAO DE JESUS
CARMOPOLIS,6672205,RUA THEOTONIO NETO,UNIDADE DE SAUDE ARIOVALDO FERREIRA DE SOUZA
CUMBE,6740510,POV SACO GRANDE,UNIDADE BASICA DE SAUDE LEOZIRO ROSA DE MENEZES
MURIBECA,6756859,PEDRAS,UNIDADE BASICA DE SAUDE PEDRAS
MURIBECA,6764614,PAU ALTO,UNIDADE BASICA DE SAUDE PAU ALTO
MURIBECA,6764622,ARRODEADOR,UNIDADE BASICA DE SAUDE ARRODEADOR
SAO CRISTOVAO,6783295,POVOADO VARZEA GRANDE,U S JOSE MACARIO DE SANTANA
ITABAIANA,6904807,AV DR AIRTON TELES,APAMI
PROPRIA,6922600,POV SAO VICENTE,CENTRO DE CONTROLE DE ZOONOSES PREFEITO PEDRO MEDEIRO
NOSSA SENHORA DE LOURDES,2420228,RUA ALTO DA BOA VISTA,CLINICA DE SAUDE DA FAMILIA TECLA CONCEICAO DA SILVEIRA
SAO CRISTOVAO,6966721,RUA U,U S F SINVAL JOSE DE OLIVEIRA
ESTANCIA,6986080,RUA JOSE VENANCIO CRUZ,USF DR RAIMUNDO GOOD LIMA
ESTANCIA,6986102,POVOADO RIO FUNDO III,USF DR VALTER CARDOSO COSTA
ESTANCIA,6986110,RUA MARECHAL DEODORO DA FONSECA,USF DR QUIRINO LOPES FERREIRA NETO
AMPARO DE SAO FRANCISCO,7009615,AVENIDA ABRAAO FREIRE,CLINICA DE SAUDE DE AMPARO DE SAO FRANCISCO
SANTA LUZIA DO ITANHNY,2423391,POV BOTEQUIM,UNID DE SAUDE DA F POV BOTEQUIM
SANTA LUZIA DO ITANHNY,2423405,RUA DE ESTANCIA,UNID DE SAUDE DA F POV CRASTO
SANTA LUZIA DO ITANHNY,2423413,RUA JESSE DA SILVA PRADO,CLINICA DE SAUDE DA FAMILIA AMILKA DO AMOR CARDOSO
SANTA LUZIA DO ITANHNY,2423421,POV PRIAPU,UNID DE SAUDE DA F POV PRIAPU
SANTA LUZIA DO ITANHNY,2545837,BR 101,UNIDADE DE SAUDE DA FAMILIA POV AREIA BRANCA
SANTA LUZIA DO ITANHNY,2545853,BR 101 CAMBUI,UNID DE SAUDE DA F POV PICARREIRA
JAPOATA,7076371,USINA SANTANA,UNIDADE DE SAUDE DA FAMILIA USINA SANTANA
ITAPORANGA D'AJUDA,7109148,LOTEAMENTO SANTO ANTONIO,UBS SAUDE DA FAMILIA GETULIO SAVIO SOBRAL
SANTA LUZIA DO ITANHNY,5091217,POVOADO CAJAZEIRA,UNIDADE DE SAUDE DA FAMILIA JOAO VENANCIO DOS SANTOS
JAPOATA,7145543,POVOADO CURRAIS,CLINICA DE SAUDE DA FAMILIA JOSE BISPO DOS SANTOS
GARARU,7147430,POVOADO LAGOA RASA,UNIDADE BASICA DE SAUDE DO POVOADO LAGOA RASA
RIACHAO DO DANTAS,7166796,AVENIDA DR LUIZ GARCIA,CLINICA DE SAUDE DA FAMILIA OTAVIANO OLIVEIRA DE SOUZA
CANHOBA,2423340,POVOADO BORDA DA MATA,UNID SAUDE DE FAMILIA POVOADO BORDA DA MATA
NOSSA SENHORA DAS DORES,7225628,AV PAULO VASCONCELOS,CLINICA SAUDE DA FAMILIA MARIA ADALULA DA COSTA
NEOPOLIS,7231954,CONJUNTO ALBANO FRANCO,E S F COHAB III
RIACHUELO,7294921,RUA I,CLINICA DE SAUDE DA FAMILIA ADOLFO FREIRE DE LIMA
RIACHUELO,7313748,POVOADO SITIO DO MEIO,UNIDADE DE SAUDE SITIO DO MEIO
PORTO DA FOLHA,2422085,RUA AUGUSTO CESAR LEITE,CLINICA DE SAUDE DA FAMILIA VER JOSE JONES DE SANTANA
RIBEIROPOLIS,2421240,RIACHINHO,POSTO DE SAUDE GEVANDA DO NASCIMENTO
AREIA BRANCA,2477017,ZONA RURAL POVOADO CAJUEIRO,UNIDADE DE SAUDE DA FAMILIA MESTRE ELIAS
AREIA BRANCA,2477025,ZONA RURAL POVOADO JUNCO,UNIDADE DE SAUDE DA FAMILIA JOSE BATISTA IRMAO
AREIA BRANCA,2477033,ZONA RURAL POVOADO PEDRINHAS,UNIDADE DA SAUDE DA FAMILIA ASCENDINO DE SOUZA FILHO
AREIA BRANCA,2477041,ZONA RURAL POVOADO MANILHA,UNIDADE DA SAUDE DA FAMILIA NILO CALAZANS DE MENESES
RIBEIROPOLIS,2497166,RUA ANTONIO MENDONCA,CLINICA DE SAUDE DR DIJAUME FRANCISCO DE LIMA
RIBEIROPOLIS,2497204,POVOADO SERRA DO MACHADO,CENTRO DE SAUDE IRMA ALICE DE JESUS FERNANDES
SAO DOMINGOS,7503180,AVENIDA PEDRO ALVES DA SILVA,CLINICA DE SAUDE DA FAMILIA GOVERNADOR MARCELO DEDA CHAGAS
SALGADO,7513852,AV GOVERNADOR JOAO ALVES FILHO,CLINICA DE SAUDE DA FAMILIA GOV MARCELO DEDA CHAGAS
TOBIAS BARRETO,3541444,RUA FILOMENO GERALDO DOS SANTOS,CLINICA DE SAUDE DA FAMILIA DRA ZILDA ARNS
TOBIAS BARRETO,3605787,POVOADO CURTUME,15 UNIDADE BASICA DE SAUDE JOSAFA DIAS DA COSTA
PACATUBA,7614195,POVOADO TIGRE,UNIDADE BASICA DE SAUDE ANGELICO PINTO
AREIA BRANCA,5280834,RUA HERACLIOTN DINIZ,UNIDADE DE SAUDE DA FAMILIA LAGOA SECA
TOBIAS BARRETO,7685467,RUA JULIA MARIA DA SOLEDADA,UNIDADE BASICA DE SAUDE JOSE RAMOS
BARRA DOS COQUEIROS,7781520,AVENIDA ANTONIO SEBASTIAO BASILIO PIRRO,CENTRO MEDICO BARRA
BOQUIM,7798318,POVOADO BOA VISTA DO FUNDUNGA,UNIDADE DE SAUDE DA FAMILIA RAIMUNDO NOGUEIRA DE CARVALHO
CARMOPOLIS,7833555,QUADRA 17 CONJUNTO FERNANDO FRANCA,UNIDADE DE SAUDE DA FAMILIA GENELICE O DE SANTANA SANTOS
SIRIRI,7845251,POVOADO MATA DO CIPO,UNIDADE BASICA DE SAUDE VALDEMAR DIAS DA COSTA
SIRIRI,7845294,POVOADO SIRIRIZINHO,UNIDADE BASICA DE SAUDE IRACELIA SANTOS SANTANA
ARACAJU,7845693,AV CARLOS RODRIGUES DA CRUZ,CENTRO DE CONTROLE DE ZOONOSES
CANHOBA,3586111,POVOADO CARAIBAS,CENTRO DE SAUDE DA FAMILIA DO POVOADO CARAIBAS
BARRA DOS COQUEIROS,7934661,RODOVIA JOSE DE CAMPOS,MASTERCLIN
ITABAIANINHA,5006457,RUA FRANCISCO SEVERO,CENTRO DE ATENDIMENTO PARA ENFRENTAMENTO A COVID 19
POCO VERDE,9881921,TABULERINHO,UBS ANTONIO DE MATOS REIS
ARACAJU,9141588,RUA TEREZINHA MACEDO DA SILVA,US DR JOSE CALUMBY FILHO
TELHA,7870280,POVOADO SAO TIAGO,UBS LAICE PEREIRA DE JESUS
ITABAIANA,9163042,RUA SERGIO SOUZA FERREIRA,CENTRO DE SAUDE DRA WEDNA MENDES RODRIGUES
NOSSA SENHORA DO SOCORRO,672874,RUA PROJETADA,CENTRO DE ATENDIMENTO PARA ENFRENTAMENTO A COVID 19
SIMAO DIAS,9250468,AVENIDA PREDRO ALMEIDA VALADARES CJ AUGUSTO FRANCO,UNIDADE DE SAUDE DA FAMILIA MARIA EUNICE FRAGA SILVA
SIMAO DIAS,9250476,POVOADO SITIO ALTO,USF JOAO SILVEIRA DEDA NETO QUILOMBOLA POVOADO SITIO ALTO
SIMAO DIAS,9250484,POVOADO PARACATU DO MEIO,USF ANTONIO JOSE VIANA POVOADO PARACATU DO MEIO
SIMAO DIAS,9250492,ASSENTAMENTO 08 DE OUTUBRO,USF MARIA GLORIA DIAS ASSENTAMENTO 08 DE OUTUBRO
SIMAO DIAS,9250506,POVOADO SALOUBRA,USF JOSE PEREIRA DOS SANTOS POVOADO SALOBRA
SIMAO DIAS,9250514,POVOADO LAGOA GRANDE,USF ARNALDO ARAUJO MENEZES POVOADO LAGOA GANDE
SIMAO DIAS,9250522,POVOADO CARAIBAS DE BAIXO,USF OLAVO DA SILVA CARVALHO POVOADO CARAIBAS DE BAIXO
ITABAIANINHA,9305866,POVOADO ALTO,UNIDADE BASICA DE SAUDE DO POVOADO ALTO
SIMAO DIAS,9319689,AVENIDA PEDRO ALMEIDA VALADARES CJ AUGUSTO FRANCO,UNIDADE DE SAUDE DA FAMILIA POVOADO MATO VERDE
SIMAO DIAS,9331077,POVOADO MATA DO PERU,USF MARIA SANTOS POVOADO MATA DO PERU
SIMAO DIAS,9331085,POVOADO BRINQUINHO,USF PEDRO DOMINGOS DE SANTANA POVOADO BRINQUINHO
SIMAO DIAS,9331093,POV GALHO CORTDO,UBS JOSE FEBRONIO SOBRINHO GALHO CORTADO
PACATUBA,6181317,RUA ARNALDO GARCEZ,UNIDADE BASICA DE SAUDE BENITO DA SILVA
BOQUIM,9433457,SIMPLICIANO FERNANDES,POSTO DE SAUDE JOSE ADELMO SILVA LIMA
POCO REDONDO,9594183,ASSENTAMENTO QUEIMADA GRANDE,UNIDADE SAUDE DA FAMILIA IRA BESERRA DA SILVA
NOSSA SENHORA DAS DORES,9659617,NUCLEO HABITACIONAL JORGE ALBERTO,UNIDADE DE SAUDE DA FAMILIA HERIBALDO DOS SANTOS
ARACAJU,9759956,LAUDELINO DE OLIVEIRA FREIRE,US DR ROBERTO PAIXAO
TOBIAS BARRETO,9809945,AVENIDA PRINCIPAL,UNIDADE BASICA DE SAUDE AGRIPINO
TOBIAS BARRETO,9828249,AVENIDA PRINCIPAL,UBS AGRIPINO
NOSSA SENHORA DAS DORES,9842942,POVOADO MASSARANDUBA,UNIDADE DE SAUDE FAMILIA JOSE BRITO DOS SANTOS
TOBIAS BARRETO,9844759,AVENIDA PRINCIPAL,UBS AGRIPINOS DUCATE
SIMAO DIAS,2422263,RUA DR MANOEL SALUSTINO NETO,CLINICA DE SAUDE DA FAMILIA EUNICE BARBOSA DE OLIVEIRA
NOSSA SENHORA APARECIDA,9930922,POVOADO LAGOA DO VEADO,POSTO DE SAUDE LAGOA DO VEADO
JAPOATA,9975918,AVENIDA PRINCIPAL POVOADO TATU,UNIDADE DE SAUDE DA FAMILIA TATU
ESTANCIA,9998233,POV RIBULEIRINHA,USF JOVENTINA DOS SANTOS
AREIA BRANCA,2476991,BR 235,CLINICA DE SAUDE DA FAMILIA DR CHRISTTIANNO O DE ALMEIDA
PROPRIA,2422581,RUA PORFIRIO DE BRITTO,UNIDADE DE SAUDE DA FAMILIA DRA VIOLETA GUSMAO
POCO REDONDO,9928057,POVOADO AREIAS,UBS SEBASTIAO LUCAS DE SOUZA TIAO DE SINHA
PINHAO,2546272,AV DEP EDUARDO MARQUES DE OLIVEIRA,CLINICA DA SAUDE DA FAMILIA JOSE MARCOS DE REZENDE
CAMPO DO BRITO,4020693,POVOADO CERCADO,UNIDADE BASICA DE SAUDE JOSE MANOEL DOS SANTOS
LAGARTO,2420554,POVOADO COLONIA TREZE,U B S PADRE ALMEIDA
LAGARTO,2420570,POVOADO JENIPAPO ESTRADA DA TABOCA,U B S GIVALDA DOS SANTOS ALMEIDA
LAGARTO,2420767,AV NILO ROMERO,U B S LEANDRO MACIEL
UMBAUBA,2421410,POVOADO MATINHA,CLINICA DE SAUDE DA FAMILIA CLEMILDO AMANCIO DOS SANTOS
UMBAUBA,2421429,POVOADO PAU AMARELO,CLINICA DE SAUDE DA FAMILIA PEDRO ARAUJO DE FARIAS
CANINDE DE SAO FRANCISCO,2477076,AV ANTONIO CARLOS VALADARES,UNIDADE DE SAUDE DA FAMILIA ANTONIO APOLONIO COSTA
CANINDE DE SAO FRANCISCO,2477084,RUA JOSE PEDRO DA SILVA,UNIDADE DE SAUDE DA FAMILIA ARLINDO BEZERRA DA SILVA
CANINDE DE SAO FRANCISCO,2477092,RUA SANTA LUZIA,UNIDADE DE SAUDE DA FAMILIA EDINALDO VIEIRA BARROS
CANINDE DE SAO FRANCISCO,2477106,AV OTAVIO FERNANDES DE SOUZA,CENTRO DE SAUDE DA FAMILIA HILDA FERNANDES FEITOSA
CANINDE DE SAO FRANCISCO,2477114,RUA SANTO ANTONIO,UNIDADE SAUDE DA FAMILIA FRANCELINA LISBOA
CANINDE DE SAO FRANCISCO,2477122,PRACA JORGE VALENCA,UNIDADE DE SAUDE DA FAMILIA MARIA VIRGULINO
CANINDE DE SAO FRANCISCO,2477130,TREVO,CLINICA BASICA DE SAUDE JARDEL FELIPE DE OLIVEIRA FEITOSA
JAPARATUBA,2477440,RODOVIA LUCIO PRADO,CLINICA DR JOSE AUGUSTO CORREA SANTOS ZEDU
INDIAROBA,2477963,PRACA JOAO ALVES FILHO,CLINICA DE SAUDE DA FAMILIA NOSSA SENHORA DA CONCEICAO
INDIAROBA,3539148,POV SITIO NOVO,UNIDADE DE SAUDE DA FAMILIA DO POV SITIO NOVO
CANINDE DE SAO FRANCISCO,5255236,RUA B,CLINICA BASICA DE SAUDE GENALDO RODRIGUES DOS SANTOS
CANINDE DE SAO FRANCISCO,5341264,ALTO BONITO,CLINICA BASICA DE SAUDE GOVERNADOR MARCELO DEDA CHAGAS
ESTANCIA,6200346,RUA JOAO LAUREANO,USF DRA ANNE DE GUSMAO APOLONIO MENDES COSTA
INDIAROBA,9304568,LARGO RODOVIA EDUARDO MAGALHAES,UNIDADE BASICA DE SAUDE MAE M ALMERINDA DA CONCEICAO
UMBAUBA,9421475,POVOADO QUEIMADA GRANDE,CLINICA SAUDE DA FAMILIA JOSE CARDOSO DOS SANTOS
UMBAUBA,9865845,RUA EDMUNDO CORTES,CLINICA SAUDE DA FAMILIA EDILENE AZEVEDO SANTOS CORTES
TOMAR DO GERU,9706534,RUA DA ESTACAO,UNIDADE MISTA GOV JOAO ALVES FILHO
